{
  "books": [
    {
      "title": "skyfall series",
      "author": "jack",
      "isbn": 514,
      "publisher": "rakesh",
      "publicationDate": "2019-10-31",
      "genre": "Adventure",
      "format": "kindle",
      "price": "100",
      "id": 3
    },
    {
      "title": "Brave heart",
      "author": "sarah",
      "isbn": "5562",
      "publisher": "johny",
      "publicationDate": "2019-10-2",
      "genre": "Fantasy",
      "format": "MSReader",
      "price": "200",
      "id": 4
    },
    {
      "title": "LifeofPI",
      "author": "Jack",
      "isbn": 186,
      "publisher": "John",
      "publicationDate": "2012-10-11",
      "genre": "Drama",
      "format": "eBook",
      "price": 400,
      "id": 2
    }
  ]
}